{
        "_id" : ObjectId("5d4afa2eced9b16671dd4af8"),
        "TeamName" : "Russia",
        "matches collection" : [
                {
                        "Match Date" : "2018-06-14",
                        "Stadium Name" : "Luzhniki Stadium",
                        "Stadium City" : "Moscow",
                        "Team 1 Name" : "Russia",
                        "Team 1 Score" : 5,
                        "Team 2 Name" : "Saudi Arabia",
                        "Team 2 Score" : 0
                },
                {
                        "Match Date" : "2018-06-19",
                        "Stadium Name" : "Saint Petersburg Stadium",
                        "Stadium City" : "Saint Petersburg",
                        "Team 1 Name" : "Russia",
                        "Team 1 Score" : 3,
                        "Team 2 Name" : "Egypt",
                        "Team 2 Score" : 1
                },
                {
                        "Match Date" : "2018-06-25",
                        "Stadium Name" : "Samara Arena",
                        "Stadium City" : "Samara",
                        "Team 1 Name" : "Uruguay",
                        "Team 1 Score" : 3,
                        "Team 2 Name" : "Russia",
                        "Team 2 Score" : 0
                },
                {
                        "Match Date" : "2018-07-07",
                        "Stadium Name" : "Fisht Stadium",
                        "Stadium City" : "Sochi",
                        "Team 1 Name" : "Russia",
                        "Team 1 Score" : 2,
                        "Team 2 Name" : "Croatia",
                        "Team 2 Score" : 2
                },
                {
                        "Match Date" : "2018-07-01",
                        "Stadium Name" : "Luzhniki Stadium",
                        "Stadium City" : "Moscow",
                        "Team 1 Name" : "Spain",
                        "Team 1 Score" : 1,
                        "Team 2 Name" : "Russia",
                        "Team 2 Score" : 1
                }
        ]
}
{
        "_id" : ObjectId("5d4afa2eced9b16671dd4af9"),
        "TeamName" : "Egypt",
        "matches collection" : [
                {
                        "Match Date" : "2018-06-15",
                        "Stadium Name" : "Ekaterinburg Arena",
                        "Stadium City" : "Ekaterinburg",
                        "Team 1 Name" : "Egypt",
                        "Team 1 Score" : 0,
                        "Team 2 Name" : "Uruguay",
                        "Team 2 Score" : 1
                },
                {
                        "Match Date" : "2018-06-19",
                        "Stadium Name" : "Saint Petersburg Stadium",
                        "Stadium City" : "Saint Petersburg",
                        "Team 1 Name" : "Russia",
                        "Team 1 Score" : 3,
                        "Team 2 Name" : "Egypt",
                        "Team 2 Score" : 1
                },
                {
                        "Match Date" : "2018-06-25",
                        "Stadium Name" : "Volgograd Stadium",
                        "Stadium City" : "Volgograd",
                        "Team 1 Name" : "Saudi Arabia",
                        "Team 1 Score" : 2,
                        "Team 2 Name" : "Egypt",
                        "Team 2 Score" : 1
                }
        ]
}
{
        "_id" : ObjectId("5d4afa2eced9b16671dd4afa"),
        "TeamName" : "Saudi Arabia",
        "matches collection" : [
                {
                        "Match Date" : "2018-06-14",
                        "Stadium Name" : "Luzhniki Stadium",
                        "Stadium City" : "Moscow",
                        "Team 1 Name" : "Russia",
                        "Team 1 Score" : 5,
                        "Team 2 Name" : "Saudi Arabia",
                        "Team 2 Score" : 0
                },
                {
                        "Match Date" : "2018-06-20",
                        "Stadium Name" : "Rostov Arena",
                        "Stadium City" : "Rostov-on-Don",
                        "Team 1 Name" : "Uruguay",
                        "Team 1 Score" : 1,
                        "Team 2 Name" : "Saudi Arabia",
                        "Team 2 Score" : 0
                },
                {
                        "Match Date" : "2018-06-25",
                        "Stadium Name" : "Volgograd Stadium",
                        "Stadium City" : "Volgograd",
                        "Team 1 Name" : "Saudi Arabia",
                        "Team 1 Score" : 2,
                        "Team 2 Name" : "Egypt",
                        "Team 2 Score" : 1
                }
        ]
}
{
        "_id" : ObjectId("5d4afa2eced9b16671dd4afb"),
        "TeamName" : "Uruguay",
        "matches collection" : [
                {
                        "Match Date" : "2018-06-15",
                        "Stadium Name" : "Ekaterinburg Arena",
                        "Stadium City" : "Ekaterinburg",
                        "Team 1 Name" : "Egypt",
                        "Team 1 Score" : 0,
                        "Team 2 Name" : "Uruguay",
                        "Team 2 Score" : 1
                },
                {
                        "Match Date" : "2018-06-20",
                        "Stadium Name" : "Rostov Arena",
                        "Stadium City" : "Rostov-on-Don",
                        "Team 1 Name" : "Uruguay",
                        "Team 1 Score" : 1,
                        "Team 2 Name" : "Saudi Arabia",
                        "Team 2 Score" : 0
                },
                {
                        "Match Date" : "2018-06-25",
                        "Stadium Name" : "Samara Arena",
                        "Stadium City" : "Samara",
                        "Team 1 Name" : "Uruguay",
                        "Team 1 Score" : 3,
                        "Team 2 Name" : "Russia",
                        "Team 2 Score" : 0
                },
                {
                        "Match Date" : "2018-07-06",
                        "Stadium Name" : "Nizhny Novgorod Stadium",
                        "Stadium City" : "Nizhny Novgorod",
                        "Team 1 Name" : "Uruguay",
                        "Team 1 Score" : 0,
                        "Team 2 Name" : "France",
                        "Team 2 Score" : 2
                },
                {
                        "Match Date" : "2018-06-30",
                        "Stadium Name" : "Fisht Stadium",
                        "Stadium City" : "Sochi",
                        "Team 1 Name" : "Uruguay",
                        "Team 1 Score" : 2,
                        "Team 2 Name" : "Portugal",
                        "Team 2 Score" : 1
                }
        ]
}
{
        "_id" : ObjectId("5d4afa2eced9b16671dd4afc"),
        "TeamName" : "Spain",
        "matches collection" : [
                {
                        "Match Date" : "2018-06-15",
                        "Stadium Name" : "Fisht Stadium",
                        "Stadium City" : "Sochi",
                        "Team 1 Name" : "Portugal",
                        "Team 1 Score" : 3,
                        "Team 2 Name" : "Spain",
                        "Team 2 Score" : 3
                },
                {
                        "Match Date" : "2018-06-20",
                        "Stadium Name" : "Kazan Arena",
                        "Stadium City" : "Kazan",
                        "Team 1 Name" : "Iran",
                        "Team 1 Score" : 0,
                        "Team 2 Name" : "Spain",
                        "Team 2 Score" : 1
                },
                {
                        "Match Date" : "2018-06-25",
                        "Stadium Name" : "Kaliningrad Stadium",
                        "Stadium City" : "Kaliningrad",
                        "Team 1 Name" : "Spain",
                        "Team 1 Score" : 2,
                        "Team 2 Name" : "Morocco",
                        "Team 2 Score" : 2
                },
                {
                        "Match Date" : "2018-07-01",
                        "Stadium Name" : "Luzhniki Stadium",
                        "Stadium City" : "Moscow",
                        "Team 1 Name" : "Spain",
                        "Team 1 Score" : 1,
                        "Team 2 Name" : "Russia",
                        "Team 2 Score" : 1
                }
        ]
}
{
        "_id" : ObjectId("5d4afa2eced9b16671dd4afd"),
        "TeamName" : "Portugal",
        "matches collection" : [
                {
                        "Match Date" : "2018-06-15",
                        "Stadium Name" : "Fisht Stadium",
                        "Stadium City" : "Sochi",
                        "Team 1 Name" : "Portugal",
                        "Team 1 Score" : 3,
                        "Team 2 Name" : "Spain",
                        "Team 2 Score" : 3
                },
                {
                        "Match Date" : "2018-06-20",
                        "Stadium Name" : "Luzhniki Stadium",
                        "Stadium City" : "Moscow",
                        "Team 1 Name" : "Portugal",
                        "Team 1 Score" : 1,
                        "Team 2 Name" : "Morocco",
                        "Team 2 Score" : 0
                },
                {
                        "Match Date" : "2018-06-25",
                        "Stadium Name" : "Mordovia Arena",
                        "Stadium City" : "Saransk",
                        "Team 1 Name" : "Iran",
                        "Team 1 Score" : 1,
                        "Team 2 Name" : "Portugal",
                        "Team 2 Score" : 1
                },
                {
                        "Match Date" : "2018-06-30",
                        "Stadium Name" : "Fisht Stadium",
                        "Stadium City" : "Sochi",
                        "Team 1 Name" : "Uruguay",
                        "Team 1 Score" : 2,
                        "Team 2 Name" : "Portugal",
                        "Team 2 Score" : 1
                }
        ]
}
{
        "_id" : ObjectId("5d4afa2eced9b16671dd4afe"),
        "TeamName" : "Morocco",
        "matches collection" : [
                {
                        "Match Date" : "2018-06-15",
                        "Stadium Name" : "Saint Petersburg Stadium",
                        "Stadium City" : "Saint Petersburg",
                        "Team 1 Name" : "Morocco",
                        "Team 1 Score" : 0,
                        "Team 2 Name" : "Iran",
                        "Team 2 Score" : 1
                },
                {
                        "Match Date" : "2018-06-20",
                        "Stadium Name" : "Luzhniki Stadium",
                        "Stadium City" : "Moscow",
                        "Team 1 Name" : "Portugal",
                        "Team 1 Score" : 1,
                        "Team 2 Name" : "Morocco",
                        "Team 2 Score" : 0
                },
                {
                        "Match Date" : "2018-06-25",
                        "Stadium Name" : "Kaliningrad Stadium",
                        "Stadium City" : "Kaliningrad",
                        "Team 1 Name" : "Spain",
                        "Team 1 Score" : 2,
                        "Team 2 Name" : "Morocco",
                        "Team 2 Score" : 2
                }
        ]
}
{
        "_id" : ObjectId("5d4afa2eced9b16671dd4aff"),
        "TeamName" : "Iran",
        "matches collection" : [
                {
                        "Match Date" : "2018-06-15",
                        "Stadium Name" : "Saint Petersburg Stadium",
                        "Stadium City" : "Saint Petersburg",
                        "Team 1 Name" : "Morocco",
                        "Team 1 Score" : 0,
                        "Team 2 Name" : "Iran",
                        "Team 2 Score" : 1
                },
                {
                        "Match Date" : "2018-06-20",
                        "Stadium Name" : "Kazan Arena",
                        "Stadium City" : "Kazan",
                        "Team 1 Name" : "Iran",
                        "Team 1 Score" : 0,
                        "Team 2 Name" : "Spain",
                        "Team 2 Score" : 1
                },
                {
                        "Match Date" : "2018-06-25",
                        "Stadium Name" : "Mordovia Arena",
                        "Stadium City" : "Saransk",
                        "Team 1 Name" : "Iran",
                        "Team 1 Score" : 1,
                        "Team 2 Name" : "Portugal",
                        "Team 2 Score" : 1
                }
        ]
}
{
        "_id" : ObjectId("5d4afa2eced9b16671dd4b00"),
        "TeamName" : "France",
        "matches collection" : [
                {
                        "Match Date" : "2018-06-16",
                        "Stadium Name" : "Kazan Arena",
                        "Stadium City" : "Kazan",
                        "Team 1 Name" : "France",
                        "Team 1 Score" : 2,
                        "Team 2 Name" : "Australia",
                        "Team 2 Score" : 1
                },
                {
                        "Match Date" : "2018-06-21",
                        "Stadium Name" : "Ekaterinburg Arena",
                        "Stadium City" : "Ekaterinburg",
                        "Team 1 Name" : "France",
                        "Team 1 Score" : 1,
                        "Team 2 Name" : "Peru",
                        "Team 2 Score" : 0
                },
                {
                        "Match Date" : "2018-06-26",
                        "Stadium Name" : "Luzhniki Stadium",
                        "Stadium City" : "Moscow",
                        "Team 1 Name" : "Denmark",
                        "Team 1 Score" : 1,
                        "Team 2 Name" : "France",
                        "Team 2 Score" : 2
                },
                {
                        "Match Date" : "2018-07-06",
                        "Stadium Name" : "Nizhny Novgorod Stadium",
                        "Stadium City" : "Nizhny Novgorod",
                        "Team 1 Name" : "Uruguay",
                        "Team 1 Score" : 0,
                        "Team 2 Name" : "France",
                        "Team 2 Score" : 2
                },
                {
                        "Match Date" : "2018-07-10",
                        "Stadium Name" : "Saint Petersburg Stadium",
                        "Stadium City" : "Saint Petersburg",
                        "Team 1 Name" : "France",
                        "Team 1 Score" : 1,
                        "Team 2 Name" : "Belgium",
                        "Team 2 Score" : 0
                },
                {
                        "Match Date" : "2018-07-15",
                        "Stadium Name" : "Luzhniki Stadium",
                        "Stadium City" : "Moscow",
                        "Team 1 Name" : "France",
                        "Team 1 Score" : 4,
                        "Team 2 Name" : "Croatia",
                        "Team 2 Score" : 2
                },
                {
                        "Match Date" : "2018-06-30",
                        "Stadium Name" : "Kazan Arena",
                        "Stadium City" : "Kazan",
                        "Team 1 Name" : "France",
                        "Team 1 Score" : 4,
                        "Team 2 Name" : "Argentina",
                        "Team 2 Score" : 3
                }
        ]
}
{
        "_id" : ObjectId("5d4afa2eced9b16671dd4b01"),
        "TeamName" : "Nigeria",
        "matches collection" : [
                {
                        "Match Date" : "2018-06-16",
                        "Stadium Name" : "Kaliningrad Stadium",
                        "Stadium City" : "Kaliningrad",
                        "Team 1 Name" : "Croatia",
                        "Team 1 Score" : 2,
                        "Team 2 Name" : "Nigeria",
                        "Team 2 Score" : 0
                },
                {
                        "Match Date" : "2018-06-22",
                        "Stadium Name" : "Volgograd Stadium",
                        "Stadium City" : "Volgograd",
                        "Team 1 Name" : "Nigeria",
                        "Team 1 Score" : 2,
                        "Team 2 Name" : "Iceland",
                        "Team 2 Score" : 0
                },
                {
                        "Match Date" : "2018-06-26",
                        "Stadium Name" : "Saint Petersburg Stadium",
                        "Stadium City" : "Saint Petersburg",
                        "Team 1 Name" : "Nigeria",
                        "Team 1 Score" : 1,
                        "Team 2 Name" : "Argentina",
                        "Team 2 Score" : 2
                }
        ]
}
{
        "_id" : ObjectId("5d4afa2eced9b16671dd4b02"),
        "TeamName" : "Brazil",
        "matches collection" : [
                {
                        "Match Date" : "2018-06-17",
                        "Stadium Name" : "Rostov Arena",
                        "Stadium City" : "Rostov-on-Don",
                        "Team 1 Name" : "Brazil",
                        "Team 1 Score" : 1,
                        "Team 2 Name" : "Switzerland",
                        "Team 2 Score" : 1
                },
                {
                        "Match Date" : "2018-06-22",
                        "Stadium Name" : "Saint Petersburg Stadium",
                        "Stadium City" : "Saint Petersburg",
                        "Team 1 Name" : "Brazil",
                        "Team 1 Score" : 2,
                        "Team 2 Name" : "Costa Rica",
                        "Team 2 Score" : 0
                },
                {
                        "Match Date" : "2018-06-27",
                        "Stadium Name" : "Spartak Stadium",
                        "Stadium City" : "Moscow",
                        "Team 1 Name" : "Serbia",
                        "Team 1 Score" : 0,
                        "Team 2 Name" : "Brazil",
                        "Team 2 Score" : 2
                },
                {
                        "Match Date" : "2018-07-06",
                        "Stadium Name" : "Kazan Arena",
                        "Stadium City" : "Kazan",
                        "Team 1 Name" : "Brazil",
                        "Team 1 Score" : 1,
                        "Team 2 Name" : "Belgium",
                        "Team 2 Score" : 2
                },
                {
                        "Match Date" : "2018-07-02",
                        "Stadium Name" : "Samara Arena",
                        "Stadium City" : "Samara",
                        "Team 1 Name" : "Brazil",
                        "Team 1 Score" : 2,
                        "Team 2 Name" : "Mexico",
                        "Team 2 Score" : 0
                }
        ]
}
{
        "_id" : ObjectId("5d4afa2eced9b16671dd4b03"),
        "TeamName" : "Switzerland",
        "matches collection" : [
                {
                        "Match Date" : "2018-06-17",
                        "Stadium Name" : "Rostov Arena",
                        "Stadium City" : "Rostov-on-Don",
                        "Team 1 Name" : "Brazil",
                        "Team 1 Score" : 1,
                        "Team 2 Name" : "Switzerland",
                        "Team 2 Score" : 1
                },
                {
                        "Match Date" : "2018-06-22",
                        "Stadium Name" : "Kaliningrad Stadium",
                        "Stadium City" : "Kaliningrad",
                        "Team 1 Name" : "Serbia",
                        "Team 1 Score" : 1,
                        "Team 2 Name" : "Switzerland",
                        "Team 2 Score" : 2
                },
                {
                        "Match Date" : "2018-06-27",
                        "Stadium Name" : "Nizhny Novgorod Stadium",
                        "Stadium City" : "Nizhny Novgorod",
                        "Team 1 Name" : "Switzerland",
                        "Team 1 Score" : 2,
                        "Team 2 Name" : "Costa Rica",
                        "Team 2 Score" : 2
                },
                {
                        "Match Date" : "2018-07-03",
                        "Stadium Name" : "Saint Petersburg Stadium",
                        "Stadium City" : "Saint Petersburg",
                        "Team 1 Name" : "Sweden",
                        "Team 1 Score" : 1,
                        "Team 2 Name" : "Switzerland",
                        "Team 2 Score" : 0
                }
        ]
}
{
        "_id" : ObjectId("5d4afa2eced9b16671dd4b04"),
        "TeamName" : "Serbia",
        "matches collection" : [
                {
                        "Match Date" : "2018-06-17",
                        "Stadium Name" : "Samara Arena",
                        "Stadium City" : "Samara",
                        "Team 1 Name" : "Costa Rica",
                        "Team 1 Score" : 0,
                        "Team 2 Name" : "Serbia",
                        "Team 2 Score" : 1
                },
                {
                        "Match Date" : "2018-06-22",
                        "Stadium Name" : "Kaliningrad Stadium",
                        "Stadium City" : "Kaliningrad",
                        "Team 1 Name" : "Serbia",
                        "Team 1 Score" : 1,
                        "Team 2 Name" : "Switzerland",
                        "Team 2 Score" : 2
                },
                {
                        "Match Date" : "2018-06-27",
                        "Stadium Name" : "Spartak Stadium",
                        "Stadium City" : "Moscow",
                        "Team 1 Name" : "Serbia",
                        "Team 1 Score" : 0,
                        "Team 2 Name" : "Brazil",
                        "Team 2 Score" : 2
                }
        ]
}
{
        "_id" : ObjectId("5d4afa2eced9b16671dd4b05"),
        "TeamName" : "Germany",
        "matches collection" : [
                {
                        "Match Date" : "2018-06-17",
                        "Stadium Name" : "Luzhniki Stadium",
                        "Stadium City" : "Moscow",
                        "Team 1 Name" : "Germany",
                        "Team 1 Score" : 0,
                        "Team 2 Name" : "Mexico",
                        "Team 2 Score" : 1
                },
                {
                        "Match Date" : "2018-06-23",
                        "Stadium Name" : "Fisht Stadium",
                        "Stadium City" : "Sochi",
                        "Team 1 Name" : "Germany",
                        "Team 1 Score" : 2,
                        "Team 2 Name" : "Sweden",
                        "Team 2 Score" : 1
                },
                {
                        "Match Date" : "2018-06-27",
                        "Stadium Name" : "Kazan Arena",
                        "Stadium City" : "Kazan",
                        "Team 1 Name" : "South Korea",
                        "Team 1 Score" : 2,
                        "Team 2 Name" : "Germany",
                        "Team 2 Score" : 0
                }
        ]
}
{
        "_id" : ObjectId("5d4afa2eced9b16671dd4b06"),
        "TeamName" : "Mexico",
        "matches collection" : [
                {
                        "Match Date" : "2018-06-17",
                        "Stadium Name" : "Luzhniki Stadium",
                        "Stadium City" : "Moscow",
                        "Team 1 Name" : "Germany",
                        "Team 1 Score" : 0,
                        "Team 2 Name" : "Mexico",
                        "Team 2 Score" : 1
                },
                {
                        "Match Date" : "2018-06-23",
                        "Stadium Name" : "Rostov Arena",
                        "Stadium City" : "Rostov-on-Don",
                        "Team 1 Name" : "South Korea",
                        "Team 1 Score" : 1,
                        "Team 2 Name" : "Mexico",
                        "Team 2 Score" : 2
                },
                {
                        "Match Date" : "2018-06-27",
                        "Stadium Name" : "Ekaterinburg Arena",
                        "Stadium City" : "Ekaterinburg",
                        "Team 1 Name" : "Mexico",
                        "Team 1 Score" : 0,
                        "Team 2 Name" : "Sweden",
                        "Team 2 Score" : 3
                },
                {
                        "Match Date" : "2018-07-02",
                        "Stadium Name" : "Samara Arena",
                        "Stadium City" : "Samara",
                        "Team 1 Name" : "Brazil",
                        "Team 1 Score" : 2,
                        "Team 2 Name" : "Mexico",
                        "Team 2 Score" : 0
                }
        ]
}
{
        "_id" : ObjectId("5d4afa2eced9b16671dd4b07"),
        "TeamName" : "Costa Rica",
        "matches collection" : [
                {
                        "Match Date" : "2018-06-17",
                        "Stadium Name" : "Samara Arena",
                        "Stadium City" : "Samara",
                        "Team 1 Name" : "Costa Rica",
                        "Team 1 Score" : 0,
                        "Team 2 Name" : "Serbia",
                        "Team 2 Score" : 1
                },
                {
                        "Match Date" : "2018-06-22",
                        "Stadium Name" : "Saint Petersburg Stadium",
                        "Stadium City" : "Saint Petersburg",
                        "Team 1 Name" : "Brazil",
                        "Team 1 Score" : 2,
                        "Team 2 Name" : "Costa Rica",
                        "Team 2 Score" : 0
                },
                {
                        "Match Date" : "2018-06-27",
                        "Stadium Name" : "Nizhny Novgorod Stadium",
                        "Stadium City" : "Nizhny Novgorod",
                        "Team 1 Name" : "Switzerland",
                        "Team 1 Score" : 2,
                        "Team 2 Name" : "Costa Rica",
                        "Team 2 Score" : 2
                }
        ]
}
{
        "_id" : ObjectId("5d4afa2eced9b16671dd4b08"),
        "TeamName" : "Sweden",
        "matches collection" : [
                {
                        "Match Date" : "2018-06-18",
                        "Stadium Name" : "Nizhny Novgorod Stadium",
                        "Stadium City" : "Nizhny Novgorod",
                        "Team 1 Name" : "Sweden",
                        "Team 1 Score" : 1,
                        "Team 2 Name" : "South Korea",
                        "Team 2 Score" : 0
                },
                {
                        "Match Date" : "2018-06-23",
                        "Stadium Name" : "Fisht Stadium",
                        "Stadium City" : "Sochi",
                        "Team 1 Name" : "Germany",
                        "Team 1 Score" : 2,
                        "Team 2 Name" : "Sweden",
                        "Team 2 Score" : 1
                },
                {
                        "Match Date" : "2018-06-27",
                        "Stadium Name" : "Ekaterinburg Arena",
                        "Stadium City" : "Ekaterinburg",
                        "Team 1 Name" : "Mexico",
                        "Team 1 Score" : 0,
                        "Team 2 Name" : "Sweden",
                        "Team 2 Score" : 3
                },
                {
                        "Match Date" : "2018-07-07",
                        "Stadium Name" : "Samara Arena",
                        "Stadium City" : "Samara",
                        "Team 1 Name" : "Sweden",
                        "Team 1 Score" : 0,
                        "Team 2 Name" : "England",
                        "Team 2 Score" : 2
                },
                {
                        "Match Date" : "2018-07-03",
                        "Stadium Name" : "Saint Petersburg Stadium",
                        "Stadium City" : "Saint Petersburg",
                        "Team 1 Name" : "Sweden",
                        "Team 1 Score" : 1,
                        "Team 2 Name" : "Switzerland",
                        "Team 2 Score" : 0
                }
        ]
}
{
        "_id" : ObjectId("5d4afa2eced9b16671dd4b09"),
        "TeamName" : "Belgium",
        "matches collection" : [
                {
                        "Match Date" : "2018-06-18",
                        "Stadium Name" : "Fisht Stadium",
                        "Stadium City" : "Sochi",
                        "Team 1 Name" : "Belgium",
                        "Team 1 Score" : 3,
                        "Team 2 Name" : "Panama",
                        "Team 2 Score" : 0
                },
                {
                        "Match Date" : "2018-06-23",
                        "Stadium Name" : "Spartak Stadium",
                        "Stadium City" : "Moscow",
                        "Team 1 Name" : "Belgium",
                        "Team 1 Score" : 5,
                        "Team 2 Name" : "Tunisia",
                        "Team 2 Score" : 2
                },
                {
                        "Match Date" : "2018-06-28",
                        "Stadium Name" : "Kaliningrad Stadium",
                        "Stadium City" : "Kaliningrad",
                        "Team 1 Name" : "England",
                        "Team 1 Score" : 2,
                        "Team 2 Name" : "Belgium",
                        "Team 2 Score" : 0
                },
                {
                        "Match Date" : "2018-07-06",
                        "Stadium Name" : "Kazan Arena",
                        "Stadium City" : "Kazan",
                        "Team 1 Name" : "Brazil",
                        "Team 1 Score" : 1,
                        "Team 2 Name" : "Belgium",
                        "Team 2 Score" : 2
                },
                {
                        "Match Date" : "2018-07-10",
                        "Stadium Name" : "Saint Petersburg Stadium",
                        "Stadium City" : "Saint Petersburg",
                        "Team 1 Name" : "France",
                        "Team 1 Score" : 1,
                        "Team 2 Name" : "Belgium",
                        "Team 2 Score" : 0
                },
                {
                        "Match Date" : "2018-07-14",
                        "Stadium Name" : "Saint Petersburg Stadium",
                        "Stadium City" : "Saint Petersburg",
                        "Team 1 Name" : "Belgium",
                        "Team 1 Score" : 2,
                        "Team 2 Name" : "England",
                        "Team 2 Score" : 0
                },
                {
                        "Match Date" : "2018-07-02",
                        "Stadium Name" : "Rostov Arena",
                        "Stadium City" : "Rostov-on-Don",
                        "Team 1 Name" : "Belgium",
                        "Team 1 Score" : 3,
                        "Team 2 Name" : "Japan",
                        "Team 2 Score" : 2
                }
        ]
}
{
        "_id" : ObjectId("5d4afa2eced9b16671dd4b0a"),
        "TeamName" : "South Korea",
        "matches collection" : [
                {
                        "Match Date" : "2018-06-18",
                        "Stadium Name" : "Nizhny Novgorod Stadium",
                        "Stadium City" : "Nizhny Novgorod",
                        "Team 1 Name" : "Sweden",
                        "Team 1 Score" : 1,
                        "Team 2 Name" : "South Korea",
                        "Team 2 Score" : 0
                },
                {
                        "Match Date" : "2018-06-23",
                        "Stadium Name" : "Rostov Arena",
                        "Stadium City" : "Rostov-on-Don",
                        "Team 1 Name" : "South Korea",
                        "Team 1 Score" : 1,
                        "Team 2 Name" : "Mexico",
                        "Team 2 Score" : 2
                },
                {
                        "Match Date" : "2018-06-27",
                        "Stadium Name" : "Kazan Arena",
                        "Stadium City" : "Kazan",
                        "Team 1 Name" : "South Korea",
                        "Team 1 Score" : 2,
                        "Team 2 Name" : "Germany",
                        "Team 2 Score" : 0
                }
        ]
}
{
        "_id" : ObjectId("5d4afa2eced9b16671dd4b0b"),
        "TeamName" : "Denmark",
        "matches collection" : [
                {
                        "Match Date" : "2018-06-16",
                        "Stadium Name" : "Mordovia Arena",
                        "Stadium City" : "Saransk",
                        "Team 1 Name" : "Peru",
                        "Team 1 Score" : 0,
                        "Team 2 Name" : "Denmark",
                        "Team 2 Score" : 1
                },
                {
                        "Match Date" : "2018-06-21",
                        "Stadium Name" : "Samara Arena",
                        "Stadium City" : "Samara",
                        "Team 1 Name" : "Denmark",
                        "Team 1 Score" : 1,
                        "Team 2 Name" : "Australia",
                        "Team 2 Score" : 1
                },
                {
                        "Match Date" : "2018-06-26",
                        "Stadium Name" : "Luzhniki Stadium",
                        "Stadium City" : "Moscow",
                        "Team 1 Name" : "Denmark",
                        "Team 1 Score" : 1,
                        "Team 2 Name" : "France",
                        "Team 2 Score" : 2
                },
                {
                        "Match Date" : "2018-07-01",
                        "Stadium Name" : "Nizhny Novgorod Stadium",
                        "Stadium City" : "Nizhny Novgorod",
                        "Team 1 Name" : "Croatia",
                        "Team 1 Score" : 1,
                        "Team 2 Name" : "Denmark",
                        "Team 2 Score" : 1
                }
        ]
}
Type "it" for more
> it
{
        "_id" : ObjectId("5d4afa2eced9b16671dd4b0c"),
        "TeamName" : "Australia",
        "matches collection" : [
                {
                        "Match Date" : "2018-06-16",
                        "Stadium Name" : "Kazan Arena",
                        "Stadium City" : "Kazan",
                        "Team 1 Name" : "France",
                        "Team 1 Score" : 2,
                        "Team 2 Name" : "Australia",
                        "Team 2 Score" : 1
                },
                {
                        "Match Date" : "2018-06-21",
                        "Stadium Name" : "Samara Arena",
                        "Stadium City" : "Samara",
                        "Team 1 Name" : "Denmark",
                        "Team 1 Score" : 1,
                        "Team 2 Name" : "Australia",
                        "Team 2 Score" : 1
                },
                {
                        "Match Date" : "2018-06-26",
                        "Stadium Name" : "Fisht Stadium",
                        "Stadium City" : "Sochi",
                        "Team 1 Name" : "Australia",
                        "Team 1 Score" : 0,
                        "Team 2 Name" : "Peru",
                        "Team 2 Score" : 2
                }
        ]
}
{
        "_id" : ObjectId("5d4afa2eced9b16671dd4b0d"),
        "TeamName" : "Peru",
        "matches collection" : [
                {
                        "Match Date" : "2018-06-16",
                        "Stadium Name" : "Mordovia Arena",
                        "Stadium City" : "Saransk",
                        "Team 1 Name" : "Peru",
                        "Team 1 Score" : 0,
                        "Team 2 Name" : "Denmark",
                        "Team 2 Score" : 1
                },
                {
                        "Match Date" : "2018-06-21",
                        "Stadium Name" : "Ekaterinburg Arena",
                        "Stadium City" : "Ekaterinburg",
                        "Team 1 Name" : "France",
                        "Team 1 Score" : 1,
                        "Team 2 Name" : "Peru",
                        "Team 2 Score" : 0
                },
                {
                        "Match Date" : "2018-06-26",
                        "Stadium Name" : "Fisht Stadium",
                        "Stadium City" : "Sochi",
                        "Team 1 Name" : "Australia",
                        "Team 1 Score" : 0,
                        "Team 2 Name" : "Peru",
                        "Team 2 Score" : 2
                }
        ]
}
{
        "_id" : ObjectId("5d4afa2eced9b16671dd4b0e"),
        "TeamName" : "Iceland",
        "matches collection" : [
                {
                        "Match Date" : "2018-06-16",
                        "Stadium Name" : "Spartak Stadium",
                        "Stadium City" : "Moscow",
                        "Team 1 Name" : "Argentina",
                        "Team 1 Score" : 1,
                        "Team 2 Name" : "Iceland",
                        "Team 2 Score" : 1
                },
                {
                        "Match Date" : "2018-06-22",
                        "Stadium Name" : "Volgograd Stadium",
                        "Stadium City" : "Volgograd",
                        "Team 1 Name" : "Nigeria",
                        "Team 1 Score" : 2,
                        "Team 2 Name" : "Iceland",
                        "Team 2 Score" : 0
                },
                {
                        "Match Date" : "2018-06-26",
                        "Stadium Name" : "Rostov Arena",
                        "Stadium City" : "Rostov-on-Don",
                        "Team 1 Name" : "Iceland",
                        "Team 1 Score" : 1,
                        "Team 2 Name" : "Croatia",
                        "Team 2 Score" : 2
                }
        ]
}
{
        "_id" : ObjectId("5d4afa2eced9b16671dd4b0f"),
        "TeamName" : "Argentina",
        "matches collection" : [
                {
                        "Match Date" : "2018-06-16",
                        "Stadium Name" : "Spartak Stadium",
                        "Stadium City" : "Moscow",
                        "Team 1 Name" : "Argentina",
                        "Team 1 Score" : 1,
                        "Team 2 Name" : "Iceland",
                        "Team 2 Score" : 1
                },
                {
                        "Match Date" : "2018-06-21",
                        "Stadium Name" : "Nizhny Novgorod Stadium",
                        "Stadium City" : "Nizhny Novgorod",
                        "Team 1 Name" : "Argentina",
                        "Team 1 Score" : 0,
                        "Team 2 Name" : "Croatia",
                        "Team 2 Score" : 3
                },
                {
                        "Match Date" : "2018-06-26",
                        "Stadium Name" : "Saint Petersburg Stadium",
                        "Stadium City" : "Saint Petersburg",
                        "Team 1 Name" : "Nigeria",
                        "Team 1 Score" : 1,
                        "Team 2 Name" : "Argentina",
                        "Team 2 Score" : 2
                },
                {
                        "Match Date" : "2018-06-30",
                        "Stadium Name" : "Kazan Arena",
                        "Stadium City" : "Kazan",
                        "Team 1 Name" : "France",
                        "Team 1 Score" : 4,
                        "Team 2 Name" : "Argentina",
                        "Team 2 Score" : 3
                }
        ]
}
{
        "_id" : ObjectId("5d4afa2eced9b16671dd4b10"),
        "TeamName" : "Croatia",
        "matches collection" : [
                {
                        "Match Date" : "2018-06-16",
                        "Stadium Name" : "Kaliningrad Stadium",
                        "Stadium City" : "Kaliningrad",
                        "Team 1 Name" : "Croatia",
                        "Team 1 Score" : 2,
                        "Team 2 Name" : "Nigeria",
                        "Team 2 Score" : 0
                },
                {
                        "Match Date" : "2018-06-21",
                        "Stadium Name" : "Nizhny Novgorod Stadium",
                        "Stadium City" : "Nizhny Novgorod",
                        "Team 1 Name" : "Argentina",
                        "Team 1 Score" : 0,
                        "Team 2 Name" : "Croatia",
                        "Team 2 Score" : 3
                },
                {
                        "Match Date" : "2018-06-26",
                        "Stadium Name" : "Rostov Arena",
                        "Stadium City" : "Rostov-on-Don",
                        "Team 1 Name" : "Iceland",
                        "Team 1 Score" : 1,
                        "Team 2 Name" : "Croatia",
                        "Team 2 Score" : 2
                },
                {
                        "Match Date" : "2018-07-01",
                        "Stadium Name" : "Nizhny Novgorod Stadium",
                        "Stadium City" : "Nizhny Novgorod",
                        "Team 1 Name" : "Croatia",
                        "Team 1 Score" : 1,
                        "Team 2 Name" : "Denmark",
                        "Team 2 Score" : 1
                },
                {
                        "Match Date" : "2018-07-07",
                        "Stadium Name" : "Fisht Stadium",
                        "Stadium City" : "Sochi",
                        "Team 1 Name" : "Russia",
                        "Team 1 Score" : 2,
                        "Team 2 Name" : "Croatia",
                        "Team 2 Score" : 2
                },
                {
                        "Match Date" : "2018-07-11",
                        "Stadium Name" : "Luzhniki Stadium",
                        "Stadium City" : "Moscow",
                        "Team 1 Name" : "Croatia",
                        "Team 1 Score" : 2,
                        "Team 2 Name" : "England",
                        "Team 2 Score" : 1
                },
                {
                        "Match Date" : "2018-07-15",
                        "Stadium Name" : "Luzhniki Stadium",
                        "Stadium City" : "Moscow",
                        "Team 1 Name" : "France",
                        "Team 1 Score" : 4,
                        "Team 2 Name" : "Croatia",
                        "Team 2 Score" : 2
                }
        ]
}
{
        "_id" : ObjectId("5d4afa2eced9b16671dd4b11"),
        "TeamName" : "Tunisia",
        "matches collection" : [
                {
                        "Match Date" : "2018-06-18",
                        "Stadium Name" : "Volgograd Stadium",
                        "Stadium City" : "Volgograd",
                        "Team 1 Name" : "Tunisia",
                        "Team 1 Score" : 1,
                        "Team 2 Name" : "England",
                        "Team 2 Score" : 2
                },
                {
                        "Match Date" : "2018-06-23",
                        "Stadium Name" : "Spartak Stadium",
                        "Stadium City" : "Moscow",
                        "Team 1 Name" : "Belgium",
                        "Team 1 Score" : 5,
                        "Team 2 Name" : "Tunisia",
                        "Team 2 Score" : 2
                },
                {
                        "Match Date" : "2018-06-28",
                        "Stadium Name" : "Mordovia Arena",
                        "Stadium City" : "Saransk",
                        "Team 1 Name" : "Panama",
                        "Team 1 Score" : 0,
                        "Team 2 Name" : "Tunisia",
                        "Team 2 Score" : 3
                }
        ]
}
{
        "_id" : ObjectId("5d4afa2eced9b16671dd4b12"),
        "TeamName" : "Panama",
        "matches collection" : [
                {
                        "Match Date" : "2018-06-18",
                        "Stadium Name" : "Fisht Stadium",
                        "Stadium City" : "Sochi",
                        "Team 1 Name" : "Belgium",
                        "Team 1 Score" : 3,
                        "Team 2 Name" : "Panama",
                        "Team 2 Score" : 0
                },
                {
                        "Match Date" : "2018-06-24",
                        "Stadium Name" : "Nizhny Novgorod Stadium",
                        "Stadium City" : "Nizhny Novgorod",
                        "Team 1 Name" : "England",
                        "Team 1 Score" : 6,
                        "Team 2 Name" : "Panama",
                        "Team 2 Score" : 1
                },
                {
                        "Match Date" : "2018-06-28",
                        "Stadium Name" : "Mordovia Arena",
                        "Stadium City" : "Saransk",
                        "Team 1 Name" : "Panama",
                        "Team 1 Score" : 0,
                        "Team 2 Name" : "Tunisia",
                        "Team 2 Score" : 3
                }
        ]
}
{
        "_id" : ObjectId("5d4afa2eced9b16671dd4b13"),
        "TeamName" : "England",
        "matches collection" : [
                {
                        "Match Date" : "2018-06-18",
                        "Stadium Name" : "Volgograd Stadium",
                        "Stadium City" : "Volgograd",
                        "Team 1 Name" : "Tunisia",
                        "Team 1 Score" : 1,
                        "Team 2 Name" : "England",
                        "Team 2 Score" : 2
                },
                {
                        "Match Date" : "2018-06-24",
                        "Stadium Name" : "Nizhny Novgorod Stadium",
                        "Stadium City" : "Nizhny Novgorod",
                        "Team 1 Name" : "England",
                        "Team 1 Score" : 6,
                        "Team 2 Name" : "Panama",
                        "Team 2 Score" : 1
                },
                {
                        "Match Date" : "2018-06-28",
                        "Stadium Name" : "Kaliningrad Stadium",
                        "Stadium City" : "Kaliningrad",
                        "Team 1 Name" : "England",
                        "Team 1 Score" : 2,
                        "Team 2 Name" : "Belgium",
                        "Team 2 Score" : 0
                },
                {
                        "Match Date" : "2018-07-07",
                        "Stadium Name" : "Samara Arena",
                        "Stadium City" : "Samara",
                        "Team 1 Name" : "Sweden",
                        "Team 1 Score" : 0,
                        "Team 2 Name" : "England",
                        "Team 2 Score" : 2
                },
                {
                        "Match Date" : "2018-07-11",
                        "Stadium Name" : "Luzhniki Stadium",
                        "Stadium City" : "Moscow",
                        "Team 1 Name" : "Croatia",
                        "Team 1 Score" : 2,
                        "Team 2 Name" : "England",
                        "Team 2 Score" : 1
                },
                {
                        "Match Date" : "2018-07-14",
                        "Stadium Name" : "Saint Petersburg Stadium",
                        "Stadium City" : "Saint Petersburg",
                        "Team 1 Name" : "Belgium",
                        "Team 1 Score" : 2,
                        "Team 2 Name" : "England",
                        "Team 2 Score" : 0
                },
                {
                        "Match Date" : "2018-07-03",
                        "Stadium Name" : "Spartak Stadium",
                        "Stadium City" : "Moscow",
                        "Team 1 Name" : "Colombia",
                        "Team 1 Score" : 1,
                        "Team 2 Name" : "England",
                        "Team 2 Score" : 1
                }
        ]
}
{
        "_id" : ObjectId("5d4afa2eced9b16671dd4b14"),
        "TeamName" : "Poland",
        "matches collection" : [
                {
                        "Match Date" : "2018-06-19",
                        "Stadium Name" : "Spartak Stadium",
                        "Stadium City" : "Moscow",
                        "Team 1 Name" : "Poland",
                        "Team 1 Score" : 1,
                        "Team 2 Name" : "Senegal",
                        "Team 2 Score" : 2
                },
                {
                        "Match Date" : "2018-06-24",
                        "Stadium Name" : "Kazan Arena",
                        "Stadium City" : "Kazan",
                        "Team 1 Name" : "Poland",
                        "Team 1 Score" : 0,
                        "Team 2 Name" : "Colombia",
                        "Team 2 Score" : 3
                },
                {
                        "Match Date" : "2018-06-28",
                        "Stadium Name" : "Volgograd Stadium",
                        "Stadium City" : "Volgograd",
                        "Team 1 Name" : "Japan",
                        "Team 1 Score" : 1,
                        "Team 2 Name" : "Poland",
                        "Team 2 Score" : 1
                }
        ]
}
{
        "_id" : ObjectId("5d4afa2eced9b16671dd4b15"),
        "TeamName" : "Senegal",
        "matches collection" : [
                {
                        "Match Date" : "2018-06-19",
                        "Stadium Name" : "Spartak Stadium",
                        "Stadium City" : "Moscow",
                        "Team 1 Name" : "Poland",
                        "Team 1 Score" : 1,
                        "Team 2 Name" : "Senegal",
                        "Team 2 Score" : 2
                },
                {
                        "Match Date" : "2018-06-24",
                        "Stadium Name" : "Ekaterinburg Arena",
                        "Stadium City" : "Ekaterinburg",
                        "Team 1 Name" : "Japan",
                        "Team 1 Score" : 2,
                        "Team 2 Name" : "Senegal",
                        "Team 2 Score" : 2
                },
                {
                        "Match Date" : "2018-06-28",
                        "Stadium Name" : "Samara Arena",
                        "Stadium City" : "Samara",
                        "Team 1 Name" : "Senegal",
                        "Team 1 Score" : 1,
                        "Team 2 Name" : "Colombia",
                        "Team 2 Score" : 0
                }
        ]
}
{
        "_id" : ObjectId("5d4afa2eced9b16671dd4b16"),
        "TeamName" : "Colombia",
        "matches collection" : [
                {
                        "Match Date" : "2018-06-19",
                        "Stadium Name" : "Mordovia Arena",
                        "Stadium City" : "Saransk",
                        "Team 1 Name" : "Colombia",
                        "Team 1 Score" : 1,
                        "Team 2 Name" : "Japan",
                        "Team 2 Score" : 2
                },
                {
                        "Match Date" : "2018-06-24",
                        "Stadium Name" : "Kazan Arena",
                        "Stadium City" : "Kazan",
                        "Team 1 Name" : "Poland",
                        "Team 1 Score" : 0,
                        "Team 2 Name" : "Colombia",
                        "Team 2 Score" : 3
                },
                {
                        "Match Date" : "2018-06-28",
                        "Stadium Name" : "Samara Arena",
                        "Stadium City" : "Samara",
                        "Team 1 Name" : "Senegal",
                        "Team 1 Score" : 1,
                        "Team 2 Name" : "Colombia",
                        "Team 2 Score" : 0
                },
                {
                        "Match Date" : "2018-07-03",
                        "Stadium Name" : "Spartak Stadium",
                        "Stadium City" : "Moscow",
                        "Team 1 Name" : "Colombia",
                        "Team 1 Score" : 1,
                        "Team 2 Name" : "England",
                        "Team 2 Score" : 1
                }
        ]
}
{
        "_id" : ObjectId("5d4afa2eced9b16671dd4b17"),
        "TeamName" : "Japan",
        "matches collection" : [
                {
                        "Match Date" : "2018-06-19",
                        "Stadium Name" : "Mordovia Arena",
                        "Stadium City" : "Saransk",
                        "Team 1 Name" : "Colombia",
                        "Team 1 Score" : 1,
                        "Team 2 Name" : "Japan",
                        "Team 2 Score" : 2
                },
                {
                        "Match Date" : "2018-06-24",
                        "Stadium Name" : "Ekaterinburg Arena",
                        "Stadium City" : "Ekaterinburg",
                        "Team 1 Name" : "Japan",
                        "Team 1 Score" : 2,
                        "Team 2 Name" : "Senegal",
                        "Team 2 Score" : 2
                },
                {
                        "Match Date" : "2018-06-28",
                        "Stadium Name" : "Volgograd Stadium",
                        "Stadium City" : "Volgograd",
                        "Team 1 Name" : "Japan",
                        "Team 1 Score" : 1,
                        "Team 2 Name" : "Poland",
                        "Team 2 Score" : 1
                },
                {
                        "Match Date" : "2018-07-02",
                        "Stadium Name" : "Rostov Arena",
                        "Stadium City" : "Rostov-on-Don",
                        "Team 1 Name" : "Belgium",
                        "Team 1 Score" : 3,
                        "Team 2 Name" : "Japan",
                        "Team 2 Score" : 2
                }
        ]
}